module,has_src_example_file,src_example_file,bound_exports,demonstrated_exports,missing_exports,cpp_unbound
ab_initio_mass,True,src\ab_initio_mass_example.py,25,21,4,0
atomic_bridge_model,True,src\atomic_bridge_model_example.py,15,1,14,0
biot_savart,True,src\biot_savart_example.py,4,4,0,4
canonical_constants,True,src\canonical_constants_example.py,45,45,0,0
chronos_kelvin_transport,True,src\chronos_kelvin_transport_example.py,8,1,7,0
clock_field_eft,True,src\clock_field_eft_example.py,12,5,7,0
delay_mode_selector,True,src\delay_mode_selector_example.py,11,3,8,0
field_kernels,True,src\field_kernels_example.py,4,1,3,3
field_ops,True,src\field_ops_example.py,1,1,0,0
fluid_dynamics,True,src\fluid_dynamics_example.py,30,10,20,3
frenet_helicity,True,src\frenet_helicity_example.py,5,1,4,8
hyperbolic_volume,True,src\hyperbolic_volume_example.py,1,1,0,0
knot_dynamics,True,src\knot_dynamics_example.py,125,57,68,49
magnus_integrator,True,src\magnus_integrator_example.py,2,2,0,0
multisector_fitter,True,src\multisector_fitter_example.py,23,0,23,25
potential_timefield,True,src\potential_timefield_example.py,6,1,5,0
radiation_flow,True,src\radiation_flow_example.py,3,3,0,0
resolved_tube_geometry,True,src\resolved_tube_geometry_example.py,148,69,79,3
spectroscopic_gap,True,src\spectroscopic_gap_example.py,7,1,6,0
sst_extensions,True,src\sst_extensions_example.py,48,9,39,14
sst_gravity,True,src\sst_gravity_example.py,8,8,0,13
sst_integrator,True,src\sst_integrator_example.py,1,1,0,1
sst_master_equation,True,src\sst_master_equation_example.py,32,19,13,0
sst_tension_scales,True,src\sst_tension_scales_example.py,11,1,10,0
swirl_field,True,src\swirl_field_example.py,1,1,0,0
thermo_dynamics,True,src\thermo_dynamics_example.py,4,2,2,0
time_evolution,True,src\time_evolution_example.py,3,3,0,0
trefoil_operator,True,src\trefoil_operator_example.py,37,4,33,25
vortex_ring,True,src\vortex_ring_example.py,17,17,0,0
vorticity_dynamics,True,src\vorticity_dynamics_example.py,10,2,8,0
